id,title,description,link,image_link,price,sale_price,sale_price_effective_date,availability,condition,brand,google_product_category,product_type,identifier_exists
PV005,Ecommerce Product Descriptions AI Logic System - 8 Component Workflow,"Pro-grade prompt engineering system for eCommerce product listings. Includes 8 logic components optimized for generating persuasive, high-converting product description copy using AI tools. Delivered as TXT file. This is a digital software utility for AI-driven content systems. Commercial use allowed.",https://promptvaultusa.shop/vault/ecommerce-product-descriptions.html,https://raw.githubusercontent.com/promptvaultusa/main/assets/images/niches/niche_005.jpg,15.00 USD,9.00 USD,2026-04-22T00:00:00-07:00/2026-12-31T23:59:59-07:00,in stock,new,PromptVault USA,5827,Software > AI Tools > ChatGPT Templates,no
PV006,Copywriting Sales Page AI Logic - 10 Component Workflow,"Pro-grade prompt engineering system for landing pages and sales funnels. Includes 10 logic components optimized for generating high-converting marketing elements using AI tools. Delivered as TXT file. This is a digital software utility for AI-driven content systems. Commercial use allowed.",https://promptvaultusa.shop/vault/copywriting-sales-pages.html,https://raw.githubusercontent.com/promptvaultusa/main/assets/images/niches/niche_006.jpg,15.00 USD,9.00 USD,2026-04-22T00:00:00-07:00/2026-12-31T23:59:59-07:00,in stock,new,PromptVault USA,5827,Software > AI Tools > ChatGPT Templates,no
PV007,Email Marketing Campaign AI Logic - 10 Component Workflow,"Automated template logic for promotional sequences, trust building, and retention. Technical AI parameters for email marketing systems.",https://promptvaultusa.shop/vault/email-marketing-campaigns.html,https://raw.githubusercontent.com/promptvaultusa/main/assets/images/niches/niche_007.jpg,15.00 USD,9.00 USD,2026-04-22T00:00:00-07:00/2026-12-31T23:59:59-07:00,in stock,new,PromptVault USA,5827,Software > AI Tools > ChatGPT Templates,no
PV008,Instagram Growth AI Content Logic - 30 Component Workflow,"Ready-to-use technical templates for Instagram content creation and growth strategies. Industrial-grade AI content parameters.",https://promptvaultusa.shop/vault/instagram-growth-system.html,https://raw.githubusercontent.com/promptvaultusa/main/assets/images/niches/niche_008.jpg,15.00 USD,9.00 USD,2026-04-22T00:00:00-07:00/2026-12-31T23:59:59-07:00,in stock,new,PromptVault USA,5827,Software > AI Tools > ChatGPT Templates,no
PV009,Facebook & Meta Ad Copy AI Logic - 6 Component Workflow,"High-converting ad copy templates and technical parameters for Meta advertising platforms. Software utility for AI generation.",https://promptvaultusa.shop/vault/facebook-meta-ads-copy.html,https://raw.githubusercontent.com/promptvaultusa/main/assets/images/niches/niche_009.jpg,15.00 USD,9.00 USD,2026-04-22T00:00:00-07:00/2026-12-31T23:59:59-07:00,in stock,new,PromptVault USA,5827,Software > AI Tools > ChatGPT Templates,no
PV010,Authority Personal Branding AI Logic - 11 Component Workflow,"Technical framework for expert-level content creation and authority building. AI-driven personal branding software parameters.",https://promptvaultusa.shop/vault/personal-branding-system.html,https://raw.githubusercontent.com/promptvaultusa/main/assets/images/niches/niche_010.jpg,15.00 USD,9.00 USD,2026-04-22T00:00:00-07:00/2026-12-31T23:59:59-07:00,in stock,new,PromptVault USA,5827,Software > AI Tools > ChatGPT Templates,no
PV011,Resume & Job Application AI Logic - 13 Component Workflow,"Professional AI parameters for generating high-quality resumes, cover letters, and interview prep. Technical career automation tool.",https://promptvaultusa.shop/vault/resume-job-applications.html,https://raw.githubusercontent.com/promptvaultusa/main/assets/images/niches/niche_011.jpg,15.00 USD,9.00 USD,2026-04-22T00:00:00-07:00/2026-12-31T23:59:59-07:00,in stock,new,PromptVault USA,5827,Software > AI Tools > ChatGPT Templates,no
PV012,Startup Pitch Deck AI Logic System - 11 Component Workflow,"Pro-grade prompt engineering system for startup fundraising. Includes 11 logic components optimized for generating investor pitch sections, slide copy, and founder story frameworks using AI tools.",https://promptvaultusa.shop/vault/startup-pitch-decks.html,https://raw.githubusercontent.com/promptvaultusa/main/assets/images/niches/niche_012.jpg,15.00 USD,9.00 USD,2026-04-22T00:00:00-07:00/2026-12-31T23:59:59-07:00,in stock,new,PromptVault USA,5827,Software > AI Tools > ChatGPT Templates,no
PV013,Blog Content Creation AI Logic - 15 Component Workflow,"Technical SEO framework for ranking-optimized articles and keyword strategies. Software asset for AI-driven blog automation.",https://promptvaultusa.shop/vault/blog-content-creation.html,https://raw.githubusercontent.com/promptvaultusa/main/assets/images/niches/niche_013.jpg,15.00 USD,9.00 USD,2026-04-22T00:00:00-07:00/2026-12-31T23:59:59-07:00,in stock,new,PromptVault USA,5827,Software > AI Tools > ChatGPT Templates,no
PV014,SEO Optimization AI Logic - 5 Component Workflow,"Technical AI parameters for keyword research, meta descriptions, and ranking strategies. Software utility for search engine systems.",https://promptvaultusa.shop/vault/seo-optimization-system.html,https://raw.githubusercontent.com/promptvaultusa/main/assets/images/niches/niche_014.jpg,15.00 USD,9.00 USD,2026-04-22T00:00:00-07:00/2026-12-31T23:59:59-07:00,in stock,new,PromptVault USA,5827,Software > AI Tools > ChatGPT Templates,no
PV015,Podcast Script AI Logic - 10 Component Workflow,"Technical episode outlines, intros, and storytelling frameworks for automated podcasting. Software script utility.",https://promptvaultusa.shop/vault/podcast-scripts.html,https://raw.githubusercontent.com/promptvaultusa/main/assets/images/niches/niche_015.jpg,15.00 USD,9.00 USD,2026-04-22T00:00:00-07:00/2026-12-31T23:59:59-07:00,in stock,new,PromptVault USA,5827,Software > AI Tools > ChatGPT Templates,no
PV016,Online Course Creation AI Logic - 20 Component Workflow,"Framework for structuring, launching, and marketing digital courses. Technical AI parameters for educational content automation.",https://promptvaultusa.shop/vault/online-course-creation.html,https://raw.githubusercontent.com/promptvaultusa/main/assets/images/niches/niche_016.jpg,15.00 USD,9.00 USD,2026-04-22T00:00:00-07:00/2026-12-31T23:59:59-07:00,in stock,new,PromptVault USA,5827,Software > AI Tools > ChatGPT Templates,no
PV017,Digital Product Sales AI Logic System - 20 Component Workflow,"Pro-grade prompt engineering system for digital asset businesses. Includes 20 logic components optimized for generating product launch copy, listing optimization, and sales automation workflows.",https://promptvaultusa.shop/vault/digital-product-sales.html,https://raw.githubusercontent.com/promptvaultusa/main/assets/images/niches/niche_017.jpg,15.00 USD,9.00 USD,2026-04-22T00:00:00-07:00/2026-12-31T23:59:59-07:00,in stock,new,PromptVault USA,5827,Software > AI Tools > ChatGPT Templates,no
PV018,AI Art Generation Technical Logic - 21 Component Workflow,"Creative parameters for generating unique AI artwork. Technical utility for digital art and prompt engineering.",https://promptvaultusa.shop/vault/ai-art-generation.html,https://raw.githubusercontent.com/promptvaultusa/main/assets/images/niches/niche_018.jpg,15.00 USD,9.00 USD,2026-04-22T00:00:00-07:00/2026-12-31T23:59:59-07:00,in stock,new,PromptVault USA,5827,Software > AI Tools > ChatGPT Templates,no
PV019,Midjourney Prompt Engineering Logic - 10 Component Workflow,"Highly detailed technical prompts for professional AI image generation. Industrial-grade software asset for Midjourney.",https://promptvaultusa.shop/vault/midjourney-prompts.html,https://raw.githubusercontent.com/promptvaultusa/main/assets/images/niches/niche_019.jpg,15.00 USD,9.00 USD,2026-04-22T00:00:00-07:00/2026-12-31T23:59:59-07:00,in stock,new,PromptVault USA,5827,Software > AI Tools > ChatGPT Templates,no
PV020,Automation Chatbot Script Logic - 10 Component Workflow,"Technical scripts for qualifying leads and handling objections in chatbots. Software utility for AI-driven assistant systems.",https://promptvaultusa.shop/vault/chatbot-scripts.html,https://raw.githubusercontent.com/promptvaultusa/main/assets/images/niches/niche_020.jpg,15.00 USD,9.00 USD,2026-04-22T00:00:00-07:00/2026-12-31T23:59:59-07:00,in stock,new,PromptVault USA,5827,Software > AI Tools > ChatGPT Templates,no
PV021,Customer Support Reply AI Logic - 6 Component Workflow,"Technical response templates for automated professional customer inquiries. Software utility for AI support systems.",https://promptvaultusa.shop/vault/customer-support-replies.html,https://raw.githubusercontent.com/promptvaultusa/main/assets/images/niches/niche_021.jpg,15.00 USD,9.00 USD,2026-04-22T00:00:00-07:00/2026-12-31T23:59:59-07:00,in stock,new,PromptVault USA,5827,Software > AI Tools > ChatGPT Templates,no
PV022,Cold Email Outreach AI Logic - 6 Component Workflow,"Technical lead generation parameters and outreach frameworks. Industrial-grade AI utility for sales automation.",https://promptvaultusa.shop/vault/cold-email-outreach.html,https://raw.githubusercontent.com/promptvaultusa/main/assets/images/niches/niche_022.jpg,15.00 USD,9.00 USD,2026-04-22T00:00:00-07:00/2026-12-31T23:59:59-07:00,in stock,new,PromptVault USA,5827,Software > AI Tools > ChatGPT Templates,no
PV023,LinkedIn Networking AI Logic - 18 Component Workflow,"Technical connection message frameworks and personal branding parameters for LinkedIn automation.",https://promptvaultusa.shop/vault/linkedin-networking-system.html,https://raw.githubusercontent.com/promptvaultusa/main/assets/images/niches/niche_023.jpg,15.00 USD,9.00 USD,2026-04-22T00:00:00-07:00/2026-12-31T23:59:59-07:00,in stock,new,PromptVault USA,5827,Software > AI Tools > ChatGPT Templates,no
